,similarity,w2v
similarity,1.0,0.6713097016879208
w2v,0.6713097016879208,1.0
